{
    "camera": {
        "position": [
            2.8973803520202637,
            4.439641952514648,
            -5.392563343048096
        ],
        "rotation": [
            -341.59033203125,
            -32.09037399291992,
            0.0
        ]
    },
    "joint_angles": [
        -72,
        -36,
        63
    ],
    "serial_port": "/dev/ttyS31"
}