{
    "camera": {
        "position": [
            2.299999952316284,
            3.5399999618530273,
            -7.090000152587891
        ],
        "rotation": [
            -346.4200134277344,
            -18.56999969482422,
            0.0
        ]
    },
    "joint_angles": [
        -32,
        -61,
        90
    ],
    "serial_port": ""
}