{
    "camera": {
        "position": [
            2.299999952316284,
            3.5399999618530273,
            -7.090000152587891
        ],
        "rotation": [
            -348.6153869628906,
            -6.243954658508301,
            0.0
        ]
    },
    "joint_angles": [
        69,
        -78,
        -90
    ],
    "serial_port": ""
}