{
    "camera": {
        "position": [
            -20.712377548217773,
            38.384361267089844,
            -23.87015724182129
        ],
        "rotation": [
            -358.5088806152344,
            -981.98828125,
            0.0
        ]
    },
    "joint_angles": [
        -88,
        -15,
        48,
        86,
        21,
        -10
    ],
    "serial_port": ""
}