{
    "camera": {
        "position": [
            2.674995183944702,
            2.562535047531128,
            -7.097737789154053
        ],
        "rotation": [
            -321.3927307128906,
            -32.832027435302734,
            0.0
        ]
    },
    "joint_angles": [
        0,
        -91,
        -85
    ],
    "serial_port": "/dev/ttyS31"
}