{
    "camera": {
        "position": [
            2.674995183944702,
            2.562535047531128,
            -7.097737789154053
        ],
        "rotation": [
            -349.7132263183594,
            -31.17365264892578,
            0.0
        ]
    },
    "joint_angles": [
        -119,
        -56,
        -180
    ],
    "serial_port": "/dev/ttyS31"
}