{
    "camera": {
        "position": [
            -28.3408260345459,
            39.957183837890625,
            -37.0732536315918
        ],
        "rotation": [
            -340.7265625,
            -105.64759063720703,
            0.0
        ]
    },
    "joint_angles": [
        0,
        -2,
        -14,
        71,
        0,
        -22
    ],
    "serial_port": ""
}