{
    "camera": {
        "position": [
            2.8973803520202637,
            4.439641952514648,
            -5.392563343048096
        ],
        "rotation": [
            -324.90533447265625,
            -32.48176193237305,
            0.0
        ]
    },
    "joint_angles": [
        0,
        52,
        47
    ],
    "serial_port": "/dev/ttyS31"
}